_StoreAppData__id,_StoreAppData__languages,_StoreAppData__name,_StoreAppData__rating,_StoreAppData__ratings_count,_StoreAppData__ratings_count_curr,_StoreAppData__ratings_curr_ver,_StoreAppData__release_date,_StoreAppData__supported_devices,_StoreAppData__url,_StoreAppData__languages_count,_StoreAppData__supported_devices_count
680819774,"['AF', 'AR', 'HY', 'BN', 'BG', 'MY', 'KM', 'CA', 'HR', 'CS', 'DA', 'NL', 'EN', 'ET', 'FI', 'FR', 'KA', 'DE', 'EL', 'HE', 'HI', 'HU', 'IS', 'ID', 'IT', 'JA', 'KO', 'LO', 'LV', 'LT', 'MK', 'MS', 'MR', 'MN', 'NE', 'NO', 'FA', 'PL', 'PT', 'RO', 'RU', 'SR', 'ZH', 'SI', 'SK', 'SL', 'ES', 'SW', 'SV', 'TA', 'TH', 'ZH', 'TR', 'UK', 'VI']",b'Google Home',4.0,40718.0,17953.0,4.5,2013-08-27,"['iPad2Wifi-iPad2Wifi', 'iPad23G-iPad23G', 'iPhone4S-iPhone4S', 'iPadThirdGen-iPadThirdGen', 'iPadThirdGen4G-iPadThirdGen4G', 'iPhone5-iPhone5', 'iPodTouchFifthGen-iPodTouchFifthGen', 'iPadFourthGen-iPadFourthGen', 'iPadFourthGen4G-iPadFourthGen4G', 'iPadMini-iPadMini', 'iPadMini4G-iPadMini4G', 'iPhone5c-iPhone5c', 'iPhone5s-iPhone5s', 'iPadAir-iPadAir', 'iPadAirCellular-iPadAirCellular', 'iPadMiniRetina-iPadMiniRetina', 'iPadMiniRetinaCellular-iPadMiniRetinaCellular', 'iPhone6-iPhone6', 'iPhone6Plus-iPhone6Plus', 'iPadAir2-iPadAir2', 'iPadAir2Cellular-iPadAir2Cellular', 'iPadMini3-iPadMini3', 'iPadMini3Cellular-iPadMini3Cellular', 'iPodTouchSixthGen-iPodTouchSixthGen', 'iPhone6s-iPhone6s', 'iPhone6sPlus-iPhone6sPlus', 'iPadMini4-iPadMini4', 'iPadMini4Cellular-iPadMini4Cellular', 'iPadPro-iPadPro', 'iPadProCellular-iPadProCellular', 'iPadPro97-iPadPro97', 'iPadPro97Cellular-iPadPro97Cellular', 'iPhoneSE-iPhoneSE', 'iPhone7-iPhone7', 'iPhone7Plus-iPhone7Plus', 'iPad611-iPad611', 'iPad612-iPad612', 'iPad71-iPad71', 'iPad72-iPad72', 'iPad73-iPad73', 'iPad74-iPad74', 'iPhone8-iPhone8', 'iPhone8Plus-iPhone8Plus', 'iPhoneX-iPhoneX']",https://itunes.apple.com/us/app/google-home/id680819774?mt=8&uo=4,55,44
1220976145,"['EN', 'FR', 'DE', 'IT', 'JA', 'PT', 'ES']",b'Google Assistant',4.0,919.0,27.0,4.5,2017-05-18,"['iPad2Wifi-iPad2Wifi', 'iPad23G-iPad23G', 'iPhone4S-iPhone4S', 'iPadThirdGen-iPadThirdGen', 'iPadThirdGen4G-iPadThirdGen4G', 'iPhone5-iPhone5', 'iPodTouchFifthGen-iPodTouchFifthGen', 'iPadFourthGen-iPadFourthGen', 'iPadFourthGen4G-iPadFourthGen4G', 'iPadMini-iPadMini', 'iPadMini4G-iPadMini4G', 'iPhone5c-iPhone5c', 'iPhone5s-iPhone5s', 'iPadAir-iPadAir', 'iPadAirCellular-iPadAirCellular', 'iPadMiniRetina-iPadMiniRetina', 'iPadMiniRetinaCellular-iPadMiniRetinaCellular', 'iPhone6-iPhone6', 'iPhone6Plus-iPhone6Plus', 'iPadAir2-iPadAir2', 'iPadAir2Cellular-iPadAir2Cellular', 'iPadMini3-iPadMini3', 'iPadMini3Cellular-iPadMini3Cellular', 'iPodTouchSixthGen-iPodTouchSixthGen', 'iPhone6s-iPhone6s', 'iPhone6sPlus-iPhone6sPlus', 'iPadMini4-iPadMini4', 'iPadMini4Cellular-iPadMini4Cellular', 'iPadPro-iPadPro', 'iPadProCellular-iPadProCellular', 'iPadPro97-iPadPro97', 'iPadPro97Cellular-iPadPro97Cellular', 'iPhoneSE-iPhoneSE', 'iPhone7-iPhone7', 'iPhone7Plus-iPhone7Plus', 'iPad611-iPad611', 'iPad612-iPad612', 'iPad71-iPad71', 'iPad72-iPad72', 'iPad73-iPad73', 'iPad74-iPad74', 'iPhone8-iPhone8', 'iPhone8Plus-iPhone8Plus', 'iPhoneX-iPhoneX']",https://itunes.apple.com/us/app/google-assistant/id1220976145?mt=8&uo=4,7,44
1329982658,['EN'],b'Assistant for Google Home Mini',5.0,28.0,28.0,5.0,2018-01-03,"['iPhone5-iPhone5', 'iPadFourthGen-iPadFourthGen', 'iPadFourthGen4G-iPadFourthGen4G', 'iPhone5c-iPhone5c', 'iPhone5s-iPhone5s', 'iPadAir-iPadAir', 'iPadAirCellular-iPadAirCellular', 'iPadMiniRetina-iPadMiniRetina', 'iPadMiniRetinaCellular-iPadMiniRetinaCellular', 'iPhone6-iPhone6', 'iPhone6Plus-iPhone6Plus', 'iPadAir2-iPadAir2', 'iPadAir2Cellular-iPadAir2Cellular', 'iPadMini3-iPadMini3', 'iPadMini3Cellular-iPadMini3Cellular', 'iPodTouchSixthGen-iPodTouchSixthGen', 'iPhone6s-iPhone6s', 'iPhone6sPlus-iPhone6sPlus', 'iPadMini4-iPadMini4', 'iPadMini4Cellular-iPadMini4Cellular', 'iPadPro-iPadPro', 'iPadProCellular-iPadProCellular', 'iPadPro97-iPadPro97', 'iPadPro97Cellular-iPadPro97Cellular', 'iPhoneSE-iPhoneSE', 'iPhone7-iPhone7', 'iPhone7Plus-iPhone7Plus', 'iPad611-iPad611', 'iPad612-iPad612', 'iPad71-iPad71', 'iPad72-iPad72', 'iPad73-iPad73', 'iPad74-iPad74', 'iPhone8-iPhone8', 'iPhone8Plus-iPhone8Plus', 'iPhoneX-iPhoneX']",https://itunes.apple.com/us/app/assistant-for-google-home-mini/id1329982658?mt=8&uo=4,1,36
1096801294,"['AF', 'AM', 'AR', 'AZ', 'EU', 'BN', 'BG', 'MY', 'KM', 'CA', 'ZH', 'HR', 'CS', 'DA', 'NL', 'EN', 'ET', 'FI', 'FR', 'GL', 'KA', 'DE', 'EL', 'GU', 'HE', 'HI', 'HU', 'IS', 'ID', 'IT', 'JA', 'KN', 'KK', 'KO', 'LO', 'LV', 'LN', 'LT', 'MS', 'ML', 'MR', 'MN', 'NE', 'NO', 'NB', 'FA', 'PL', 'PT', 'RO', 'RU', 'SR', 'ZH', 'SI', 'SK', 'SL', 'ES', 'SW', 'SV', 'TL', 'TA', 'TE', 'TH', 'ZH', 'TR', 'UK', 'UR', 'VI', 'ZU']",b'Google Allo',4.5,3772.0,543.0,4.5,2016-09-21,"['iPad2Wifi-iPad2Wifi', 'iPad23G-iPad23G', 'iPhone4S-iPhone4S', 'iPadThirdGen-iPadThirdGen', 'iPadThirdGen4G-iPadThirdGen4G', 'iPhone5-iPhone5', 'iPodTouchFifthGen-iPodTouchFifthGen', 'iPadFourthGen-iPadFourthGen', 'iPadFourthGen4G-iPadFourthGen4G', 'iPadMini-iPadMini', 'iPadMini4G-iPadMini4G', 'iPhone5c-iPhone5c', 'iPhone5s-iPhone5s', 'iPadAir-iPadAir', 'iPadAirCellular-iPadAirCellular', 'iPadMiniRetina-iPadMiniRetina', 'iPadMiniRetinaCellular-iPadMiniRetinaCellular', 'iPhone6-iPhone6', 'iPhone6Plus-iPhone6Plus', 'iPadAir2-iPadAir2', 'iPadAir2Cellular-iPadAir2Cellular', 'iPadMini3-iPadMini3', 'iPadMini3Cellular-iPadMini3Cellular', 'iPodTouchSixthGen-iPodTouchSixthGen', 'iPhone6s-iPhone6s', 'iPhone6sPlus-iPhone6sPlus', 'iPadMini4-iPadMini4', 'iPadMini4Cellular-iPadMini4Cellular', 'iPadPro-iPadPro', 'iPadProCellular-iPadProCellular', 'iPadPro97-iPadPro97', 'iPadPro97Cellular-iPadPro97Cellular', 'iPhoneSE-iPhoneSE', 'iPhone7-iPhone7', 'iPhone7Plus-iPhone7Plus', 'iPad611-iPad611', 'iPad612-iPad612', 'iPad71-iPad71', 'iPad72-iPad72', 'iPad73-iPad73', 'iPad74-iPad74', 'iPhone8-iPhone8', 'iPhone8Plus-iPhone8Plus', 'iPhoneX-iPhoneX']",https://itunes.apple.com/us/app/google-allo/id1096801294?mt=8&uo=4,68,44
557745942,"['AR', 'HY', 'CA', 'CS', 'DA', 'NL', 'EN', 'FI', 'FR', 'DE', 'EL', 'HE', 'HU', 'ID', 'IT', 'JA', 'KO', 'MS', 'NB', 'PL', 'PT', 'RO', 'RU', 'ZH', 'SK', 'ES', 'SV', 'TH', 'ZH', 'TR', 'VI']",b'24me Smart Personal Assistant',4.5,3542.0,1.0,4.0,2012-10-23,"['iPad2Wifi-iPad2Wifi', 'iPad23G-iPad23G', 'iPhone4S-iPhone4S', 'iPadThirdGen-iPadThirdGen', 'iPadThirdGen4G-iPadThirdGen4G', 'iPhone5-iPhone5', 'iPodTouchFifthGen-iPodTouchFifthGen', 'iPadFourthGen-iPadFourthGen', 'iPadFourthGen4G-iPadFourthGen4G', 'iPadMini-iPadMini', 'iPadMini4G-iPadMini4G', 'iPhone5c-iPhone5c', 'iPhone5s-iPhone5s', 'iPadAir-iPadAir', 'iPadAirCellular-iPadAirCellular', 'iPadMiniRetina-iPadMiniRetina', 'iPadMiniRetinaCellular-iPadMiniRetinaCellular', 'iPhone6-iPhone6', 'iPhone6Plus-iPhone6Plus', 'iPadAir2-iPadAir2', 'iPadAir2Cellular-iPadAir2Cellular', 'iPadMini3-iPadMini3', 'iPadMini3Cellular-iPadMini3Cellular', 'iPodTouchSixthGen-iPodTouchSixthGen', 'iPhone6s-iPhone6s', 'iPhone6sPlus-iPhone6sPlus', 'iPadMini4-iPadMini4', 'iPadMini4Cellular-iPadMini4Cellular', 'iPadPro-iPadPro', 'iPadProCellular-iPadProCellular', 'iPadPro97-iPadPro97', 'iPadPro97Cellular-iPadPro97Cellular', 'iPhoneSE-iPhoneSE', 'iPhone7-iPhone7', 'iPhone7Plus-iPhone7Plus', 'iPad611-iPad611', 'iPad612-iPad612', 'iPad71-iPad71', 'iPad72-iPad72', 'iPad73-iPad73', 'iPad74-iPad74', 'iPhone8-iPhone8', 'iPhone8Plus-iPhone8Plus', 'iPhoneX-iPhoneX']",https://itunes.apple.com/us/app/24me-smart-personal-assistant/id557745942?mt=8&uo=4,31,44
545198169,"['AR', 'NL', 'EN', 'FR', 'DE', 'HE', 'IT', 'JA', 'KO', 'PT', 'RU', 'ZH', 'ES', 'ZH', 'TR']",b'Easy Backup .',4.5,4374.0,1794.0,5.0,2012-08-09,"['iPad2Wifi-iPad2Wifi', 'iPad23G-iPad23G', 'iPhone4S-iPhone4S', 'iPadThirdGen-iPadThirdGen', 'iPadThirdGen4G-iPadThirdGen4G', 'iPhone5-iPhone5', 'iPodTouchFifthGen-iPodTouchFifthGen', 'iPadFourthGen-iPadFourthGen', 'iPadFourthGen4G-iPadFourthGen4G', 'iPadMini-iPadMini', 'iPadMini4G-iPadMini4G', 'iPhone5c-iPhone5c', 'iPhone5s-iPhone5s', 'iPadAir-iPadAir', 'iPadAirCellular-iPadAirCellular', 'iPadMiniRetina-iPadMiniRetina', 'iPadMiniRetinaCellular-iPadMiniRetinaCellular', 'iPhone6-iPhone6', 'iPhone6Plus-iPhone6Plus', 'iPadAir2-iPadAir2', 'iPadAir2Cellular-iPadAir2Cellular', 'iPadMini3-iPadMini3', 'iPadMini3Cellular-iPadMini3Cellular', 'iPodTouchSixthGen-iPodTouchSixthGen', 'iPhone6s-iPhone6s', 'iPhone6sPlus-iPhone6sPlus', 'iPadMini4-iPadMini4', 'iPadMini4Cellular-iPadMini4Cellular', 'iPadPro-iPadPro', 'iPadProCellular-iPadProCellular', 'iPadPro97-iPadPro97', 'iPadPro97Cellular-iPadPro97Cellular', 'iPhoneSE-iPhoneSE', 'iPhone7-iPhone7', 'iPhone7Plus-iPhone7Plus', 'iPad611-iPad611', 'iPad612-iPad612', 'iPad71-iPad71', 'iPad72-iPad72', 'iPad73-iPad73', 'iPad74-iPad74', 'iPhone8-iPhone8', 'iPhone8Plus-iPhone8Plus', 'iPhoneX-iPhoneX']",https://itunes.apple.com/us/app/easy-backup/id545198169?mt=8&uo=4,15,44
1032432287,['EN'],b'HOUND Voice Search & Assistant',4.0,320.0,4.0,4.5,2016-03-01,"['iPhone5-iPhone5', 'iPadFourthGen-iPadFourthGen', 'iPadFourthGen4G-iPadFourthGen4G', 'iPhone5c-iPhone5c', 'iPhone5s-iPhone5s', 'iPadAir-iPadAir', 'iPadAirCellular-iPadAirCellular', 'iPadMiniRetina-iPadMiniRetina', 'iPadMiniRetinaCellular-iPadMiniRetinaCellular', 'iPhone6-iPhone6', 'iPhone6Plus-iPhone6Plus', 'iPadAir2-iPadAir2', 'iPadAir2Cellular-iPadAir2Cellular', 'iPadMini3-iPadMini3', 'iPadMini3Cellular-iPadMini3Cellular', 'iPodTouchSixthGen-iPodTouchSixthGen', 'iPhone6s-iPhone6s', 'iPhone6sPlus-iPhone6sPlus', 'iPadMini4-iPadMini4', 'iPadMini4Cellular-iPadMini4Cellular', 'iPadPro-iPadPro', 'iPadProCellular-iPadProCellular', 'iPadPro97-iPadPro97', 'iPadPro97Cellular-iPadPro97Cellular', 'iPhoneSE-iPhoneSE', 'iPhone7-iPhone7', 'iPhone7Plus-iPhone7Plus', 'iPad611-iPad611', 'iPad612-iPad612', 'iPad71-iPad71', 'iPad72-iPad72', 'iPad73-iPad73', 'iPad74-iPad74', 'iPhone8-iPhone8', 'iPhone8Plus-iPhone8Plus', 'iPhoneX-iPhoneX']",https://itunes.apple.com/us/app/hound-voice-search-assistant/id1032432287?mt=8&uo=4,1,36
1210331255,['EN'],b'Ask for Google Assistant App',4.5,11.0,1.0,5.0,2017-03-23,"['iPad2Wifi-iPad2Wifi', 'iPad23G-iPad23G', 'iPhone4S-iPhone4S', 'iPadThirdGen-iPadThirdGen', 'iPadThirdGen4G-iPadThirdGen4G', 'iPhone5-iPhone5', 'iPodTouchFifthGen-iPodTouchFifthGen', 'iPadFourthGen-iPadFourthGen', 'iPadFourthGen4G-iPadFourthGen4G', 'iPadMini-iPadMini', 'iPadMini4G-iPadMini4G', 'iPhone5c-iPhone5c', 'iPhone5s-iPhone5s', 'iPadAir-iPadAir', 'iPadAirCellular-iPadAirCellular', 'iPadMiniRetina-iPadMiniRetina', 'iPadMiniRetinaCellular-iPadMiniRetinaCellular', 'iPhone6-iPhone6', 'iPhone6Plus-iPhone6Plus', 'iPadAir2-iPadAir2', 'iPadAir2Cellular-iPadAir2Cellular', 'iPadMini3-iPadMini3', 'iPadMini3Cellular-iPadMini3Cellular', 'iPodTouchSixthGen-iPodTouchSixthGen', 'iPhone6s-iPhone6s', 'iPhone6sPlus-iPhone6sPlus', 'iPadMini4-iPadMini4', 'iPadMini4Cellular-iPadMini4Cellular', 'iPadPro-iPadPro', 'iPadProCellular-iPadProCellular', 'iPadPro97-iPadPro97', 'iPadPro97Cellular-iPadPro97Cellular', 'iPhoneSE-iPhoneSE', 'iPhone7-iPhone7', 'iPhone7Plus-iPhone7Plus', 'iPad611-iPad611', 'iPad612-iPad612', 'iPad71-iPad71', 'iPad72-iPad72', 'iPad73-iPad73', 'iPad74-iPad74', 'iPhone8-iPhone8', 'iPhone8Plus-iPhone8Plus', 'iPhoneX-iPhoneX']",https://itunes.apple.com/us/app/ask-for-google-assistant-app/id1210331255?mt=8&uo=4,1,44
1274463034,['EN'],b'My Contacts Backup Assistant',,,4.0,5.0,2017-09-15,"['iPad2Wifi-iPad2Wifi', 'iPad23G-iPad23G', 'iPhone4S-iPhone4S', 'iPadThirdGen-iPadThirdGen', 'iPadThirdGen4G-iPadThirdGen4G', 'iPhone5-iPhone5', 'iPodTouchFifthGen-iPodTouchFifthGen', 'iPadFourthGen-iPadFourthGen', 'iPadFourthGen4G-iPadFourthGen4G', 'iPadMini-iPadMini', 'iPadMini4G-iPadMini4G', 'iPhone5c-iPhone5c', 'iPhone5s-iPhone5s', 'iPadAir-iPadAir', 'iPadAirCellular-iPadAirCellular', 'iPadMiniRetina-iPadMiniRetina', 'iPadMiniRetinaCellular-iPadMiniRetinaCellular', 'iPhone6-iPhone6', 'iPhone6Plus-iPhone6Plus', 'iPadAir2-iPadAir2', 'iPadAir2Cellular-iPadAir2Cellular', 'iPadMini3-iPadMini3', 'iPadMini3Cellular-iPadMini3Cellular', 'iPodTouchSixthGen-iPodTouchSixthGen', 'iPhone6s-iPhone6s', 'iPhone6sPlus-iPhone6sPlus', 'iPadMini4-iPadMini4', 'iPadMini4Cellular-iPadMini4Cellular', 'iPadPro-iPadPro', 'iPadProCellular-iPadProCellular', 'iPadPro97-iPadPro97', 'iPadPro97Cellular-iPadPro97Cellular', 'iPhoneSE-iPhoneSE', 'iPhone7-iPhone7', 'iPhone7Plus-iPhone7Plus', 'iPad611-iPad611', 'iPad612-iPad612', 'iPad71-iPad71', 'iPad72-iPad72', 'iPad73-iPad73', 'iPad74-iPad74', 'iPhone8-iPhone8', 'iPhone8Plus-iPhone8Plus', 'iPhoneX-iPhoneX']",https://itunes.apple.com/us/app/my-contacts-backup-assistant/id1274463034?mt=8&uo=4,1,44
1064201343,"['EN', 'RU', 'ZH']",b'Findo \xe2\x80\x93 Smart Search Assistant',4.5,22.0,2.0,5.0,2015-12-17,"['iPad2Wifi-iPad2Wifi', 'iPad23G-iPad23G', 'iPhone4S-iPhone4S', 'iPadThirdGen-iPadThirdGen', 'iPadThirdGen4G-iPadThirdGen4G', 'iPhone5-iPhone5', 'iPodTouchFifthGen-iPodTouchFifthGen', 'iPadFourthGen-iPadFourthGen', 'iPadFourthGen4G-iPadFourthGen4G', 'iPadMini-iPadMini', 'iPadMini4G-iPadMini4G', 'iPhone5c-iPhone5c', 'iPhone5s-iPhone5s', 'iPadAir-iPadAir', 'iPadAirCellular-iPadAirCellular', 'iPadMiniRetina-iPadMiniRetina', 'iPadMiniRetinaCellular-iPadMiniRetinaCellular', 'iPhone6-iPhone6', 'iPhone6Plus-iPhone6Plus', 'iPadAir2-iPadAir2', 'iPadAir2Cellular-iPadAir2Cellular', 'iPadMini3-iPadMini3', 'iPadMini3Cellular-iPadMini3Cellular', 'iPodTouchSixthGen-iPodTouchSixthGen', 'iPhone6s-iPhone6s', 'iPhone6sPlus-iPhone6sPlus', 'iPadMini4-iPadMini4', 'iPadMini4Cellular-iPadMini4Cellular', 'iPadPro-iPadPro', 'iPadProCellular-iPadProCellular', 'iPadPro97-iPadPro97', 'iPadPro97Cellular-iPadPro97Cellular', 'iPhoneSE-iPhoneSE', 'iPhone7-iPhone7', 'iPhone7Plus-iPhone7Plus', 'iPad611-iPad611', 'iPad612-iPad612', 'iPad71-iPad71', 'iPad72-iPad72', 'iPad73-iPad73', 'iPad74-iPad74', 'iPhone8-iPhone8', 'iPhone8Plus-iPhone8Plus', 'iPhoneX-iPhoneX']",https://itunes.apple.com/us/app/findo-smart-search-assistant/id1064201343?mt=8&uo=4,3,44
803736422,"['NL', 'EN', 'FR', 'DE', 'ID', 'IT', 'JA', 'MS', 'NB', 'PT', 'RU', 'ZH', 'ES', 'SV', 'TH', 'VI', 'CY']",b'ETA - Arrive on time',3.5,387.0,22.0,4.0,2014-02-26,"['iPhone5-iPhone5', 'iPadFourthGen4G-iPadFourthGen4G', 'iPhone5c-iPhone5c', 'iPhone5s-iPhone5s', 'iPadAirCellular-iPadAirCellular', 'iPadMiniRetinaCellular-iPadMiniRetinaCellular', 'iPhone6-iPhone6', 'iPhone6Plus-iPhone6Plus', 'iPadAir2Cellular-iPadAir2Cellular', 'iPadMini3Cellular-iPadMini3Cellular', 'iPhone6s-iPhone6s', 'iPhone6sPlus-iPhone6sPlus', 'iPadMini4Cellular-iPadMini4Cellular', 'iPadProCellular-iPadProCellular', 'iPadPro97Cellular-iPadPro97Cellular', 'iPhoneSE-iPhoneSE', 'iPhone7-iPhone7', 'iPhone7Plus-iPhone7Plus', 'iPad612-iPad612', 'iPad72-iPad72', 'iPad74-iPad74', 'iPhone8-iPhone8', 'iPhone8Plus-iPhone8Plus', 'iPhoneX-iPhoneX']",https://itunes.apple.com/us/app/eta-arrive-on-time/id803736422?mt=8&uo=4,17,24
1261103683,['EN'],b'Commands & Skills for Amazon Alexa Echo Dot',4.0,996.0,996.0,4.0,2017-07-20,"['iPhone5-iPhone5', 'iPadFourthGen-iPadFourthGen', 'iPadFourthGen4G-iPadFourthGen4G', 'iPhone5c-iPhone5c', 'iPhone5s-iPhone5s', 'iPadAir-iPadAir', 'iPadAirCellular-iPadAirCellular', 'iPadMiniRetina-iPadMiniRetina', 'iPadMiniRetinaCellular-iPadMiniRetinaCellular', 'iPhone6-iPhone6', 'iPhone6Plus-iPhone6Plus', 'iPadAir2-iPadAir2', 'iPadAir2Cellular-iPadAir2Cellular', 'iPadMini3-iPadMini3', 'iPadMini3Cellular-iPadMini3Cellular', 'iPodTouchSixthGen-iPodTouchSixthGen', 'iPhone6s-iPhone6s', 'iPhone6sPlus-iPhone6sPlus', 'iPadMini4-iPadMini4', 'iPadMini4Cellular-iPadMini4Cellular', 'iPadPro-iPadPro', 'iPadProCellular-iPadProCellular', 'iPadPro97-iPadPro97', 'iPadPro97Cellular-iPadPro97Cellular', 'iPhoneSE-iPhoneSE', 'iPhone7-iPhone7', 'iPhone7Plus-iPhone7Plus', 'iPad611-iPad611', 'iPad612-iPad612', 'iPad71-iPad71', 'iPad72-iPad72', 'iPad73-iPad73', 'iPad74-iPad74', 'iPhone8-iPhone8', 'iPhone8Plus-iPhone8Plus', 'iPhoneX-iPhoneX']",https://itunes.apple.com/us/app/commands-skills-for-amazon-alexa-echo-dot/id1261103683?mt=8&uo=4,1,36
1241685134,['EN'],b'MCBackup - My Contacts Backup',5.0,8.0,8.0,5.0,2017-08-18,"['iPad2Wifi-iPad2Wifi', 'iPad23G-iPad23G', 'iPhone4S-iPhone4S', 'iPadThirdGen-iPadThirdGen', 'iPadThirdGen4G-iPadThirdGen4G', 'iPhone5-iPhone5', 'iPodTouchFifthGen-iPodTouchFifthGen', 'iPadFourthGen-iPadFourthGen', 'iPadFourthGen4G-iPadFourthGen4G', 'iPadMini-iPadMini', 'iPadMini4G-iPadMini4G', 'iPhone5c-iPhone5c', 'iPhone5s-iPhone5s', 'iPadAir-iPadAir', 'iPadAirCellular-iPadAirCellular', 'iPadMiniRetina-iPadMiniRetina', 'iPadMiniRetinaCellular-iPadMiniRetinaCellular', 'iPhone6-iPhone6', 'iPhone6Plus-iPhone6Plus', 'iPadAir2-iPadAir2', 'iPadAir2Cellular-iPadAir2Cellular', 'iPadMini3-iPadMini3', 'iPadMini3Cellular-iPadMini3Cellular', 'iPodTouchSixthGen-iPodTouchSixthGen', 'iPhone6s-iPhone6s', 'iPhone6sPlus-iPhone6sPlus', 'iPadMini4-iPadMini4', 'iPadMini4Cellular-iPadMini4Cellular', 'iPadPro-iPadPro', 'iPadProCellular-iPadProCellular', 'iPadPro97-iPadPro97', 'iPadPro97Cellular-iPadPro97Cellular', 'iPhoneSE-iPhoneSE', 'iPhone7-iPhone7', 'iPhone7Plus-iPhone7Plus', 'iPad611-iPad611', 'iPad612-iPad612', 'iPad71-iPad71', 'iPad72-iPad72', 'iPad73-iPad73', 'iPad74-iPad74', 'iPhone8-iPhone8', 'iPhone8Plus-iPhone8Plus', 'iPhoneX-iPhoneX']",https://itunes.apple.com/us/app/mcbackup-my-contacts-backup/id1241685134?mt=8&uo=4,1,44
921359146,"['AR', 'NL', 'EN', 'FR', 'DE', 'HE', 'IT', 'JA', 'KO', 'PT', 'RU', 'ZH', 'ES', 'ZH', 'TR']",b'Easy Backup Pro .',5.0,1235.0,675.0,5.0,2014-10-10,"['iPad2Wifi-iPad2Wifi', 'iPad23G-iPad23G', 'iPhone4S-iPhone4S', 'iPadThirdGen-iPadThirdGen', 'iPadThirdGen4G-iPadThirdGen4G', 'iPhone5-iPhone5', 'iPodTouchFifthGen-iPodTouchFifthGen', 'iPadFourthGen-iPadFourthGen', 'iPadFourthGen4G-iPadFourthGen4G', 'iPadMini-iPadMini', 'iPadMini4G-iPadMini4G', 'iPhone5c-iPhone5c', 'iPhone5s-iPhone5s', 'iPadAir-iPadAir', 'iPadAirCellular-iPadAirCellular', 'iPadMiniRetina-iPadMiniRetina', 'iPadMiniRetinaCellular-iPadMiniRetinaCellular', 'iPhone6-iPhone6', 'iPhone6Plus-iPhone6Plus', 'iPadAir2-iPadAir2', 'iPadAir2Cellular-iPadAir2Cellular', 'iPadMini3-iPadMini3', 'iPadMini3Cellular-iPadMini3Cellular', 'iPodTouchSixthGen-iPodTouchSixthGen', 'iPhone6s-iPhone6s', 'iPhone6sPlus-iPhone6sPlus', 'iPadMini4-iPadMini4', 'iPadMini4Cellular-iPadMini4Cellular', 'iPadPro-iPadPro', 'iPadProCellular-iPadProCellular', 'iPadPro97-iPadPro97', 'iPadPro97Cellular-iPadPro97Cellular', 'iPhoneSE-iPhoneSE', 'iPhone7-iPhone7', 'iPhone7Plus-iPhone7Plus', 'iPad611-iPad611', 'iPad612-iPad612', 'iPad71-iPad71', 'iPad72-iPad72', 'iPad73-iPad73', 'iPad74-iPad74', 'iPhone8-iPhone8', 'iPhone8Plus-iPhone8Plus', 'iPhoneX-iPhoneX']",https://itunes.apple.com/us/app/easy-backup-pro/id921359146?mt=8&uo=4,15,44
628292348,['EN'],b'EzSchedule - Absolutely personal assistant to manage your time.',,,,,2013-04-11,"['iPhone3GS-iPhone-3GS', 'iPhone4-iPhone4', 'iPodTouchFourthGen-iPodTouchFourthGen', 'iPad2Wifi-iPad2Wifi', 'iPad23G-iPad23G', 'iPhone4S-iPhone4S', 'iPadThirdGen-iPadThirdGen', 'iPadThirdGen4G-iPadThirdGen4G', 'iPhone5-iPhone5', 'iPodTouchFifthGen-iPodTouchFifthGen', 'iPadFourthGen-iPadFourthGen', 'iPadFourthGen4G-iPadFourthGen4G', 'iPadMini-iPadMini', 'iPadMini4G-iPadMini4G', 'iPhone5c-iPhone5c', 'iPhone5s-iPhone5s', 'iPadAir-iPadAir', 'iPadAirCellular-iPadAirCellular', 'iPadMiniRetina-iPadMiniRetina', 'iPadMiniRetinaCellular-iPadMiniRetinaCellular', 'iPhone6-iPhone6', 'iPhone6Plus-iPhone6Plus', 'iPadAir2-iPadAir2', 'iPadAir2Cellular-iPadAir2Cellular', 'iPadMini3-iPadMini3', 'iPadMini3Cellular-iPadMini3Cellular', 'iPodTouchSixthGen-iPodTouchSixthGen', 'iPhone6s-iPhone6s', 'iPhone6sPlus-iPhone6sPlus', 'iPadMini4-iPadMini4', 'iPadMini4Cellular-iPadMini4Cellular', 'iPadPro-iPadPro', 'iPadProCellular-iPadProCellular', 'iPadPro97-iPadPro97', 'iPadPro97Cellular-iPadPro97Cellular', 'iPhoneSE-iPhoneSE', 'iPhone7-iPhone7', 'iPhone7Plus-iPhone7Plus', 'iPad611-iPad611', 'iPad612-iPad612', 'iPad71-iPad71', 'iPad72-iPad72', 'iPad73-iPad73', 'iPad74-iPad74', 'iPhone8-iPhone8', 'iPhone8Plus-iPhone8Plus', 'iPhoneX-iPhoneX']",https://itunes.apple.com/us/app/ezschedule-absolutely-personal-assistant-to-manage/id628292348?mt=8&uo=4,1,47
1125808771,"['EN', 'JA', 'RU', 'ZH', 'ES', 'ZH']",b'Simplanum - Plan It Simple!',4.5,44.0,1.0,4.0,2016-12-25,"['iPad2Wifi-iPad2Wifi', 'iPad23G-iPad23G', 'iPhone4S-iPhone4S', 'iPadThirdGen-iPadThirdGen', 'iPadThirdGen4G-iPadThirdGen4G', 'iPhone5-iPhone5', 'iPodTouchFifthGen-iPodTouchFifthGen', 'iPadFourthGen-iPadFourthGen', 'iPadFourthGen4G-iPadFourthGen4G', 'iPadMini-iPadMini', 'iPadMini4G-iPadMini4G', 'iPhone5c-iPhone5c', 'iPhone5s-iPhone5s', 'iPadAir-iPadAir', 'iPadAirCellular-iPadAirCellular', 'iPadMiniRetina-iPadMiniRetina', 'iPadMiniRetinaCellular-iPadMiniRetinaCellular', 'iPhone6-iPhone6', 'iPhone6Plus-iPhone6Plus', 'iPadAir2-iPadAir2', 'iPadAir2Cellular-iPadAir2Cellular', 'iPadMini3-iPadMini3', 'iPadMini3Cellular-iPadMini3Cellular', 'iPodTouchSixthGen-iPodTouchSixthGen', 'iPhone6s-iPhone6s', 'iPhone6sPlus-iPhone6sPlus', 'iPadMini4-iPadMini4', 'iPadMini4Cellular-iPadMini4Cellular', 'iPadPro-iPadPro', 'iPadProCellular-iPadProCellular', 'iPadPro97-iPadPro97', 'iPadPro97Cellular-iPadPro97Cellular', 'iPhoneSE-iPhoneSE', 'iPhone7-iPhone7', 'iPhone7Plus-iPhone7Plus', 'iPad611-iPad611', 'iPad612-iPad612', 'iPad71-iPad71', 'iPad72-iPad72', 'iPad73-iPad73', 'iPad74-iPad74', 'iPhone8-iPhone8', 'iPhone8Plus-iPhone8Plus', 'iPhoneX-iPhoneX']",https://itunes.apple.com/us/app/simplanum-plan-it-simple/id1125808771?mt=8&uo=4,6,44
1212373666,['EN'],b'Echgo - for Amazon Alexa',3.5,7.0,,,2017-06-06,"['iPad2Wifi-iPad2Wifi', 'iPad23G-iPad23G', 'iPhone4S-iPhone4S', 'iPadThirdGen-iPadThirdGen', 'iPadThirdGen4G-iPadThirdGen4G', 'iPhone5-iPhone5', 'iPodTouchFifthGen-iPodTouchFifthGen', 'iPadFourthGen-iPadFourthGen', 'iPadFourthGen4G-iPadFourthGen4G', 'iPadMini-iPadMini', 'iPadMini4G-iPadMini4G', 'iPhone5c-iPhone5c', 'iPhone5s-iPhone5s', 'iPadAir-iPadAir', 'iPadAirCellular-iPadAirCellular', 'iPadMiniRetina-iPadMiniRetina', 'iPadMiniRetinaCellular-iPadMiniRetinaCellular', 'iPhone6-iPhone6', 'iPhone6Plus-iPhone6Plus', 'iPadAir2-iPadAir2', 'iPadAir2Cellular-iPadAir2Cellular', 'iPadMini3-iPadMini3', 'iPadMini3Cellular-iPadMini3Cellular', 'iPodTouchSixthGen-iPodTouchSixthGen', 'iPhone6s-iPhone6s', 'iPhone6sPlus-iPhone6sPlus', 'iPadMini4-iPadMini4', 'iPadMini4Cellular-iPadMini4Cellular', 'iPadPro-iPadPro', 'iPadProCellular-iPadProCellular', 'iPadPro97-iPadPro97', 'iPadPro97Cellular-iPadPro97Cellular', 'iPhoneSE-iPhoneSE', 'iPhone7-iPhone7', 'iPhone7Plus-iPhone7Plus', 'iPad611-iPad611', 'iPad612-iPad612', 'iPad71-iPad71', 'iPad72-iPad72', 'iPad73-iPad73', 'iPad74-iPad74', 'iPhone8-iPhone8', 'iPhone8Plus-iPhone8Plus', 'iPhoneX-iPhoneX']",https://itunes.apple.com/us/app/echgo-for-amazon-alexa/id1212373666?mt=8&uo=4,1,44
493906578,['ZH'],b'\xe8\xa1\x8c\xe8\xbb\x8a\xe5\x8a\xa9\xe7\x90\x86 (Driving Assistant)',3.5,6.0,,,2012-01-19,"['iPhone4-iPhone4', 'iPad2Wifi-iPad2Wifi', 'iPad23G-iPad23G', 'iPhone4S-iPhone4S', 'iPadThirdGen-iPadThirdGen', 'iPadThirdGen4G-iPadThirdGen4G', 'iPhone5-iPhone5', 'iPodTouchFifthGen-iPodTouchFifthGen', 'iPadFourthGen-iPadFourthGen', 'iPadFourthGen4G-iPadFourthGen4G', 'iPadMini-iPadMini', 'iPadMini4G-iPadMini4G', 'iPhone5c-iPhone5c', 'iPhone5s-iPhone5s', 'iPadAir-iPadAir', 'iPadAirCellular-iPadAirCellular', 'iPadMiniRetina-iPadMiniRetina', 'iPadMiniRetinaCellular-iPadMiniRetinaCellular', 'iPhone6-iPhone6', 'iPhone6Plus-iPhone6Plus', 'iPadAir2-iPadAir2', 'iPadAir2Cellular-iPadAir2Cellular', 'iPadMini3-iPadMini3', 'iPadMini3Cellular-iPadMini3Cellular', 'iPodTouchSixthGen-iPodTouchSixthGen', 'iPhone6s-iPhone6s', 'iPhone6sPlus-iPhone6sPlus', 'iPadMini4-iPadMini4', 'iPadMini4Cellular-iPadMini4Cellular', 'iPadPro-iPadPro', 'iPadProCellular-iPadProCellular', 'iPadPro97-iPadPro97', 'iPadPro97Cellular-iPadPro97Cellular', 'iPhoneSE-iPhoneSE', 'iPhone7-iPhone7', 'iPhone7Plus-iPhone7Plus', 'iPad611-iPad611', 'iPad612-iPad612', 'iPad71-iPad71', 'iPad72-iPad72', 'iPad73-iPad73', 'iPad74-iPad74', 'iPhone8-iPhone8', 'iPhone8Plus-iPhone8Plus', 'iPhoneX-iPhoneX']",https://itunes.apple.com/us/app/%E8%A1%8C%E8%BB%8A%E5%8A%A9%E7%90%86-driving-assistant/id493906578?mt=8&uo=4,1,45
1131553599,['EN'],b'Bud - Your Financial Assistant',,,,,2016-11-02,"['iPad2Wifi-iPad2Wifi', 'iPad23G-iPad23G', 'iPhone4S-iPhone4S', 'iPadThirdGen-iPadThirdGen', 'iPadThirdGen4G-iPadThirdGen4G', 'iPhone5-iPhone5', 'iPodTouchFifthGen-iPodTouchFifthGen', 'iPadFourthGen-iPadFourthGen', 'iPadFourthGen4G-iPadFourthGen4G', 'iPadMini-iPadMini', 'iPadMini4G-iPadMini4G', 'iPhone5c-iPhone5c', 'iPhone5s-iPhone5s', 'iPadAir-iPadAir', 'iPadAirCellular-iPadAirCellular', 'iPadMiniRetina-iPadMiniRetina', 'iPadMiniRetinaCellular-iPadMiniRetinaCellular', 'iPhone6-iPhone6', 'iPhone6Plus-iPhone6Plus', 'iPadAir2-iPadAir2', 'iPadAir2Cellular-iPadAir2Cellular', 'iPadMini3-iPadMini3', 'iPadMini3Cellular-iPadMini3Cellular', 'iPodTouchSixthGen-iPodTouchSixthGen', 'iPhone6s-iPhone6s', 'iPhone6sPlus-iPhone6sPlus', 'iPadMini4-iPadMini4', 'iPadMini4Cellular-iPadMini4Cellular', 'iPadPro-iPadPro', 'iPadProCellular-iPadProCellular', 'iPadPro97-iPadPro97', 'iPadPro97Cellular-iPadPro97Cellular', 'iPhoneSE-iPhoneSE', 'iPhone7-iPhone7', 'iPhone7Plus-iPhone7Plus', 'iPad611-iPad611', 'iPad612-iPad612', 'iPad71-iPad71', 'iPad72-iPad72', 'iPad73-iPad73', 'iPad74-iPad74', 'iPhone8-iPhone8', 'iPhone8Plus-iPhone8Plus', 'iPhoneX-iPhoneX']",https://itunes.apple.com/us/app/bud-your-financial-assistant/id1131553599?mt=8&uo=4,1,44
1049854771,"['EN', 'IT']",b'Assistant',,,,,2015-11-06,"['iPhone4S-iPhone4S', 'iPhone5-iPhone5', 'iPodTouchFifthGen-iPodTouchFifthGen', 'iPhone5c-iPhone5c', 'iPhone5s-iPhone5s', 'iPhone6-iPhone6', 'iPhone6Plus-iPhone6Plus', 'iPodTouchSixthGen-iPodTouchSixthGen', 'iPhone6s-iPhone6s', 'iPhone6sPlus-iPhone6sPlus', 'iPhoneSE-iPhoneSE', 'iPhone7-iPhone7', 'iPhone7Plus-iPhone7Plus', 'iPhone8-iPhone8', 'iPhone8Plus-iPhone8Plus', 'iPhoneX-iPhoneX']",https://itunes.apple.com/us/app/assistant/id1049854771?mt=8&uo=4,2,16
1045312923,['EN'],b'Backup My Contacts Assistant: Export & Transfer',,,,,2015-10-13,"['iPad2Wifi-iPad2Wifi', 'iPad23G-iPad23G', 'iPhone4S-iPhone4S', 'iPadThirdGen-iPadThirdGen', 'iPadThirdGen4G-iPadThirdGen4G', 'iPhone5-iPhone5', 'iPodTouchFifthGen-iPodTouchFifthGen', 'iPadFourthGen-iPadFourthGen', 'iPadFourthGen4G-iPadFourthGen4G', 'iPadMini-iPadMini', 'iPadMini4G-iPadMini4G', 'iPhone5c-iPhone5c', 'iPhone5s-iPhone5s', 'iPadAir-iPadAir', 'iPadAirCellular-iPadAirCellular', 'iPadMiniRetina-iPadMiniRetina', 'iPadMiniRetinaCellular-iPadMiniRetinaCellular', 'iPhone6-iPhone6', 'iPhone6Plus-iPhone6Plus', 'iPadAir2-iPadAir2', 'iPadAir2Cellular-iPadAir2Cellular', 'iPadMini3-iPadMini3', 'iPadMini3Cellular-iPadMini3Cellular', 'iPodTouchSixthGen-iPodTouchSixthGen', 'iPhone6s-iPhone6s', 'iPhone6sPlus-iPhone6sPlus', 'iPadMini4-iPadMini4', 'iPadMini4Cellular-iPadMini4Cellular', 'iPadPro-iPadPro', 'iPadProCellular-iPadProCellular', 'iPadPro97-iPadPro97', 'iPadPro97Cellular-iPadPro97Cellular', 'iPhoneSE-iPhoneSE', 'iPhone7-iPhone7', 'iPhone7Plus-iPhone7Plus', 'iPad611-iPad611', 'iPad612-iPad612', 'iPad71-iPad71', 'iPad72-iPad72', 'iPad73-iPad73', 'iPad74-iPad74', 'iPhone8-iPhone8', 'iPhone8Plus-iPhone8Plus', 'iPhoneX-iPhoneX']",https://itunes.apple.com/us/app/backup-my-contacts-assistant-export-transfer/id1045312923?mt=8&uo=4,1,44
1150322369,['EN'],"b'Backup Assistant - Merge, Clean Duplicate Contacts'",,,,,2017-02-27,"['iPhone5-iPhone5', 'iPadFourthGen-iPadFourthGen', 'iPadFourthGen4G-iPadFourthGen4G', 'iPhone5c-iPhone5c', 'iPhone5s-iPhone5s', 'iPadAir-iPadAir', 'iPadAirCellular-iPadAirCellular', 'iPadMiniRetina-iPadMiniRetina', 'iPadMiniRetinaCellular-iPadMiniRetinaCellular', 'iPhone6-iPhone6', 'iPhone6Plus-iPhone6Plus', 'iPadAir2-iPadAir2', 'iPadAir2Cellular-iPadAir2Cellular', 'iPadMini3-iPadMini3', 'iPadMini3Cellular-iPadMini3Cellular', 'iPodTouchSixthGen-iPodTouchSixthGen', 'iPhone6s-iPhone6s', 'iPhone6sPlus-iPhone6sPlus', 'iPadMini4-iPadMini4', 'iPadMini4Cellular-iPadMini4Cellular', 'iPadPro-iPadPro', 'iPadProCellular-iPadProCellular', 'iPadPro97-iPadPro97', 'iPadPro97Cellular-iPadPro97Cellular', 'iPhoneSE-iPhoneSE', 'iPhone7-iPhone7', 'iPhone7Plus-iPhone7Plus', 'iPad611-iPad611', 'iPad612-iPad612', 'iPad71-iPad71', 'iPad72-iPad72', 'iPad73-iPad73', 'iPad74-iPad74', 'iPhone8-iPhone8', 'iPhone8Plus-iPhone8Plus', 'iPhoneX-iPhoneX']",https://itunes.apple.com/us/app/backup-assistant-merge-clean-duplicate-contacts/id1150322369?mt=8&uo=4,1,36
1265310139,"['AR', 'CA', 'HR', 'CS', 'DA', 'NL', 'EN', 'FI', 'FR', 'DE', 'EL', 'HE', 'HU', 'ID', 'IT', 'JA', 'KO', 'MS', 'NB', 'PL', 'PT', 'RO', 'RU', 'ZH', 'SK', 'ES', 'SV', 'TH', 'TR', 'UK', 'VI']",b'Robby.ai',,,,,2017-08-19,"['iPhone5-iPhone5', 'iPadFourthGen-iPadFourthGen', 'iPadFourthGen4G-iPadFourthGen4G', 'iPhone5c-iPhone5c', 'iPhone5s-iPhone5s', 'iPadAir-iPadAir', 'iPadAirCellular-iPadAirCellular', 'iPadMiniRetina-iPadMiniRetina', 'iPadMiniRetinaCellular-iPadMiniRetinaCellular', 'iPhone6-iPhone6', 'iPhone6Plus-iPhone6Plus', 'iPadAir2-iPadAir2', 'iPadAir2Cellular-iPadAir2Cellular', 'iPadMini3-iPadMini3', 'iPadMini3Cellular-iPadMini3Cellular', 'iPodTouchSixthGen-iPodTouchSixthGen', 'iPhone6s-iPhone6s', 'iPhone6sPlus-iPhone6sPlus', 'iPadMini4-iPadMini4', 'iPadMini4Cellular-iPadMini4Cellular', 'iPadPro-iPadPro', 'iPadProCellular-iPadProCellular', 'iPadPro97-iPadPro97', 'iPadPro97Cellular-iPadPro97Cellular', 'iPhoneSE-iPhoneSE', 'iPhone7-iPhone7', 'iPhone7Plus-iPhone7Plus', 'iPad611-iPad611', 'iPad612-iPad612', 'iPad71-iPad71', 'iPad72-iPad72', 'iPad73-iPad73', 'iPad74-iPad74', 'iPhone8-iPhone8', 'iPhone8Plus-iPhone8Plus', 'iPhoneX-iPhoneX']",https://itunes.apple.com/us/app/robby-ai/id1265310139?mt=8&uo=4,31,36
1238536817,"['EN', 'ZH']",b'\xe8\x87\xaa\xe7\x94\xb1\xe8\xa1\x8c\xe7\xbf\xbb\xe8\xaf\x91\xe5\xae\x98-\xe5\x87\xba\xe5\x9b\xbd\xe6\x97\x85\xe6\xb8\xb8\xe7\xbf\xbb\xe8\xaf\x91\xe7\xa5\x9e\xe5\x99\xa8',,,,,2017-06-02,"['iPad2Wifi-iPad2Wifi', 'iPad23G-iPad23G', 'iPhone4S-iPhone4S', 'iPadThirdGen-iPadThirdGen', 'iPadThirdGen4G-iPadThirdGen4G', 'iPhone5-iPhone5', 'iPodTouchFifthGen-iPodTouchFifthGen', 'iPadFourthGen-iPadFourthGen', 'iPadFourthGen4G-iPadFourthGen4G', 'iPadMini-iPadMini', 'iPadMini4G-iPadMini4G', 'iPhone5c-iPhone5c', 'iPhone5s-iPhone5s', 'iPadAir-iPadAir', 'iPadAirCellular-iPadAirCellular', 'iPadMiniRetina-iPadMiniRetina', 'iPadMiniRetinaCellular-iPadMiniRetinaCellular', 'iPhone6-iPhone6', 'iPhone6Plus-iPhone6Plus', 'iPadAir2-iPadAir2', 'iPadAir2Cellular-iPadAir2Cellular', 'iPadMini3-iPadMini3', 'iPadMini3Cellular-iPadMini3Cellular', 'iPodTouchSixthGen-iPodTouchSixthGen', 'iPhone6s-iPhone6s', 'iPhone6sPlus-iPhone6sPlus', 'iPadMini4-iPadMini4', 'iPadMini4Cellular-iPadMini4Cellular', 'iPadPro-iPadPro', 'iPadProCellular-iPadProCellular', 'iPadPro97-iPadPro97', 'iPadPro97Cellular-iPadPro97Cellular', 'iPhoneSE-iPhoneSE', 'iPhone7-iPhone7', 'iPhone7Plus-iPhone7Plus', 'iPad611-iPad611', 'iPad612-iPad612', 'iPad71-iPad71', 'iPad72-iPad72', 'iPad73-iPad73', 'iPad74-iPad74', 'iPhone8-iPhone8', 'iPhone8Plus-iPhone8Plus', 'iPhoneX-iPhoneX']",https://itunes.apple.com/us/app/%E8%87%AA%E7%94%B1%E8%A1%8C%E7%BF%BB%E8%AF%91%E5%AE%98-%E5%87%BA%E5%9B%BD%E6%97%85%E6%B8%B8%E7%BF%BB%E8%AF%91%E7%A5%9E%E5%99%A8/id1238536817?mt=8&uo=4,2,44
1313672452,"['EN', 'FR', 'DE', 'IT', 'JA', 'KO', 'PT', 'RU', 'ZH', 'ES', 'ZH']",b'Family Chores',,,1.0,1.0,2017-12-29,"['iPad2Wifi-iPad2Wifi', 'iPad23G-iPad23G', 'iPhone4S-iPhone4S', 'iPadThirdGen-iPadThirdGen', 'iPadThirdGen4G-iPadThirdGen4G', 'iPhone5-iPhone5', 'iPodTouchFifthGen-iPodTouchFifthGen', 'iPadFourthGen-iPadFourthGen', 'iPadFourthGen4G-iPadFourthGen4G', 'iPadMini-iPadMini', 'iPadMini4G-iPadMini4G', 'iPhone5c-iPhone5c', 'iPhone5s-iPhone5s', 'iPadAir-iPadAir', 'iPadAirCellular-iPadAirCellular', 'iPadMiniRetina-iPadMiniRetina', 'iPadMiniRetinaCellular-iPadMiniRetinaCellular', 'iPhone6-iPhone6', 'iPhone6Plus-iPhone6Plus', 'iPadAir2-iPadAir2', 'iPadAir2Cellular-iPadAir2Cellular', 'iPadMini3-iPadMini3', 'iPadMini3Cellular-iPadMini3Cellular', 'iPodTouchSixthGen-iPodTouchSixthGen', 'iPhone6s-iPhone6s', 'iPhone6sPlus-iPhone6sPlus', 'iPadMini4-iPadMini4', 'iPadMini4Cellular-iPadMini4Cellular', 'iPadPro-iPadPro', 'iPadProCellular-iPadProCellular', 'iPadPro97-iPadPro97', 'iPadPro97Cellular-iPadPro97Cellular', 'iPhoneSE-iPhoneSE', 'iPhone7-iPhone7', 'iPhone7Plus-iPhone7Plus', 'iPad611-iPad611', 'iPad612-iPad612', 'iPad71-iPad71', 'iPad72-iPad72', 'iPad73-iPad73', 'iPad74-iPad74', 'iPhone8-iPhone8', 'iPhone8Plus-iPhone8Plus', 'iPhoneX-iPhoneX']",https://itunes.apple.com/us/app/family-chores/id1313672452?mt=8&uo=4,11,44
1071652891,['EN'],b'WizCal',,,,,2016-04-20,"['iPad2Wifi-iPad2Wifi', 'iPad23G-iPad23G', 'iPhone4S-iPhone4S', 'iPadThirdGen-iPadThirdGen', 'iPadThirdGen4G-iPadThirdGen4G', 'iPhone5-iPhone5', 'iPodTouchFifthGen-iPodTouchFifthGen', 'iPadFourthGen-iPadFourthGen', 'iPadFourthGen4G-iPadFourthGen4G', 'iPadMini-iPadMini', 'iPadMini4G-iPadMini4G', 'iPhone5c-iPhone5c', 'iPhone5s-iPhone5s', 'iPadAir-iPadAir', 'iPadAirCellular-iPadAirCellular', 'iPadMiniRetina-iPadMiniRetina', 'iPadMiniRetinaCellular-iPadMiniRetinaCellular', 'iPhone6-iPhone6', 'iPhone6Plus-iPhone6Plus', 'iPadAir2-iPadAir2', 'iPadAir2Cellular-iPadAir2Cellular', 'iPadMini3-iPadMini3', 'iPadMini3Cellular-iPadMini3Cellular', 'iPodTouchSixthGen-iPodTouchSixthGen', 'iPhone6s-iPhone6s', 'iPhone6sPlus-iPhone6sPlus', 'iPadMini4-iPadMini4', 'iPadMini4Cellular-iPadMini4Cellular', 'iPadPro-iPadPro', 'iPadProCellular-iPadProCellular', 'iPadPro97-iPadPro97', 'iPadPro97Cellular-iPadPro97Cellular', 'iPhoneSE-iPhoneSE', 'iPhone7-iPhone7', 'iPhone7Plus-iPhone7Plus', 'iPad611-iPad611', 'iPad612-iPad612', 'iPad71-iPad71', 'iPad72-iPad72', 'iPad73-iPad73', 'iPad74-iPad74', 'iPhone8-iPhone8', 'iPhone8Plus-iPhone8Plus', 'iPhoneX-iPhoneX']",https://itunes.apple.com/us/app/wizcal/id1071652891?mt=8&uo=4,1,44
1186017640,"['EN', 'JA', 'RU', 'ZH', 'ES', 'ZH']",b'Simplanum Pro: Plan It Simple!',,,,,2016-12-25,"['iPad2Wifi-iPad2Wifi', 'iPad23G-iPad23G', 'iPhone4S-iPhone4S', 'iPadThirdGen-iPadThirdGen', 'iPadThirdGen4G-iPadThirdGen4G', 'iPhone5-iPhone5', 'iPodTouchFifthGen-iPodTouchFifthGen', 'iPadFourthGen-iPadFourthGen', 'iPadFourthGen4G-iPadFourthGen4G', 'iPadMini-iPadMini', 'iPadMini4G-iPadMini4G', 'iPhone5c-iPhone5c', 'iPhone5s-iPhone5s', 'iPadAir-iPadAir', 'iPadAirCellular-iPadAirCellular', 'iPadMiniRetina-iPadMiniRetina', 'iPadMiniRetinaCellular-iPadMiniRetinaCellular', 'iPhone6-iPhone6', 'iPhone6Plus-iPhone6Plus', 'iPadAir2-iPadAir2', 'iPadAir2Cellular-iPadAir2Cellular', 'iPadMini3-iPadMini3', 'iPadMini3Cellular-iPadMini3Cellular', 'iPodTouchSixthGen-iPodTouchSixthGen', 'iPhone6s-iPhone6s', 'iPhone6sPlus-iPhone6sPlus', 'iPadMini4-iPadMini4', 'iPadMini4Cellular-iPadMini4Cellular', 'iPadPro-iPadPro', 'iPadProCellular-iPadProCellular', 'iPadPro97-iPadPro97', 'iPadPro97Cellular-iPadPro97Cellular', 'iPhoneSE-iPhoneSE', 'iPhone7-iPhone7', 'iPhone7Plus-iPhone7Plus', 'iPad611-iPad611', 'iPad612-iPad612', 'iPad71-iPad71', 'iPad72-iPad72', 'iPad73-iPad73', 'iPad74-iPad74', 'iPhone8-iPhone8', 'iPhone8Plus-iPhone8Plus', 'iPhoneX-iPhoneX']",https://itunes.apple.com/us/app/simplanum-pro-plan-it-simple/id1186017640?mt=8&uo=4,6,44
1150322265,['EN'],"b'Backup Assistant - Clean, Merge Duplicate Contacts'",,,,,2017-02-21,"['iPhone5-iPhone5', 'iPadFourthGen-iPadFourthGen', 'iPadFourthGen4G-iPadFourthGen4G', 'iPhone5c-iPhone5c', 'iPhone5s-iPhone5s', 'iPadAir-iPadAir', 'iPadAirCellular-iPadAirCellular', 'iPadMiniRetina-iPadMiniRetina', 'iPadMiniRetinaCellular-iPadMiniRetinaCellular', 'iPhone6-iPhone6', 'iPhone6Plus-iPhone6Plus', 'iPadAir2-iPadAir2', 'iPadAir2Cellular-iPadAir2Cellular', 'iPadMini3-iPadMini3', 'iPadMini3Cellular-iPadMini3Cellular', 'iPodTouchSixthGen-iPodTouchSixthGen', 'iPhone6s-iPhone6s', 'iPhone6sPlus-iPhone6sPlus', 'iPadMini4-iPadMini4', 'iPadMini4Cellular-iPadMini4Cellular', 'iPadPro-iPadPro', 'iPadProCellular-iPadProCellular', 'iPadPro97-iPadPro97', 'iPadPro97Cellular-iPadPro97Cellular', 'iPhoneSE-iPhoneSE', 'iPhone7-iPhone7', 'iPhone7Plus-iPhone7Plus', 'iPad611-iPad611', 'iPad612-iPad612', 'iPad71-iPad71', 'iPad72-iPad72', 'iPad73-iPad73', 'iPad74-iPad74', 'iPhone8-iPhone8', 'iPhone8Plus-iPhone8Plus', 'iPhoneX-iPhoneX']",https://itunes.apple.com/us/app/backup-assistant-clean-merge-duplicate-contacts/id1150322265?mt=8&uo=4,1,36
